{
  "prepare_queue": {
    "installed": [],
    "uninstalled": []
  },
  "config_munge": {
    "files": {
      "res/xml/config.xml": {
        "parents": {
          "/*": [
            {
              "xml": "<feature name=\"Whitelist\"><param name=\"android-package\" value=\"org.apache.cordova.whitelist.WhitelistPlugin\" /><param name=\"onload\" value=\"true\" /></feature>",
              "count": 1
            },
            {
              "xml": "<feature name=\"StatusBar\"><param name=\"android-package\" value=\"org.apache.cordova.statusbar.StatusBar\" /><param name=\"onload\" value=\"true\" /></feature>",
              "count": 1
            },
            {
              "xml": "<feature name=\"Device\"><param name=\"android-package\" value=\"org.apache.cordova.device.Device\" /></feature>",
              "count": 1
            },
            {
              "xml": "<feature name=\"SplashScreen\"><param name=\"android-package\" value=\"org.apache.cordova.splashscreen.SplashScreen\" /><param name=\"onload\" value=\"true\" /></feature>",
              "count": 1
            },
            {
              "xml": "<feature name=\"SpeechRecognition\"><param name=\"android-package\" value=\"org.apache.cordova.speech.SpeechRecognition\" /></feature>",
              "count": 1
            },
            {
              "xml": "<feature name=\"SpeechRecognition\"><param name=\"android-package\" value=\"com.pbakondy.SpeechRecognition\" /></feature>",
              "count": 1
            },
            {
              "xml": "<feature name=\"Toast\"><param name=\"android-package\" value=\"nl.xservices.plugins.Toast\" /></feature>",
              "count": 1
            }
          ]
        }
      },
      "config.xml": {
        "parents": {
          "/*": [
            {
              "xml": "<allow-navigation href=\"http://localhost/*\" />",
              "count": 1
            },
            {
              "xml": "<allow-navigation href=\"https://localhost/*\" />",
              "count": 1
            },
            {
              "xml": "<allow-navigation href=\"ionic://*\" />",
              "count": 1
            },
            {
              "xml": "<preference name=\"webView\" value=\"com.ionicframework.cordova.webview.IonicWebViewEngine\" />",
              "count": 1
            },
            {
              "xml": "<feature name=\"IonicWebView\"><param name=\"android-package\" value=\"com.ionicframework.cordova.webview.IonicWebView\" /></feature>",
              "count": 1
            },
            {
              "xml": "<feature name=\"Keyboard\"><param name=\"android-package\" onload=\"true\" value=\"io.ionic.keyboard.IonicKeyboard\" /></feature>",
              "count": 1
            }
          ]
        }
      },
      "AndroidManifest.xml": {
        "parents": {
          "/*": [
            {
              "xml": "<uses-permission android:name=\"android.permission.RECORD_AUDIO\" />",
              "count": 2
            }
          ]
        }
      }
    }
  },
  "installed_plugins": {
    "cordova-plugin-whitelist": {
      "PACKAGE_NAME": "io.ionic.starter"
    },
    "cordova-plugin-statusbar": {
      "PACKAGE_NAME": "io.ionic.starter"
    },
    "cordova-plugin-device": {
      "PACKAGE_NAME": "io.ionic.starter"
    },
    "cordova-plugin-splashscreen": {
      "PACKAGE_NAME": "io.ionic.starter"
    },
    "cordova-plugin-ionic-webview": {
      "ANDROID_SUPPORT_ANNOTATIONS_VERSION": "27.+",
      "PACKAGE_NAME": "io.ionic.starter"
    },
    "cordova-plugin-ionic-keyboard": {
      "PACKAGE_NAME": "io.ionic.starter"
    },
    "phonegap-plugin-speech-recognition": {
      "PACKAGE_NAME": "io.ionic.starter"
    },
    "cordova-plugin-speechrecognition": {
      "PACKAGE_NAME": "io.ionic.starter"
    },
    "cordova-plugin-x-toast": {
      "PACKAGE_NAME": "io.ionic.starter"
    }
  },
  "dependent_plugins": {},
  "modules": [
    {
      "id": "cordova-plugin-statusbar.statusbar",
      "file": "plugins/cordova-plugin-statusbar/www/statusbar.js",
      "pluginId": "cordova-plugin-statusbar",
      "clobbers": [
        "window.StatusBar"
      ]
    },
    {
      "id": "cordova-plugin-device.device",
      "file": "plugins/cordova-plugin-device/www/device.js",
      "pluginId": "cordova-plugin-device",
      "clobbers": [
        "device"
      ]
    },
    {
      "id": "cordova-plugin-splashscreen.SplashScreen",
      "file": "plugins/cordova-plugin-splashscreen/www/splashscreen.js",
      "pluginId": "cordova-plugin-splashscreen",
      "clobbers": [
        "navigator.splashscreen"
      ]
    },
    {
      "id": "cordova-plugin-ionic-webview.IonicWebView",
      "file": "plugins/cordova-plugin-ionic-webview/src/www/util.js",
      "pluginId": "cordova-plugin-ionic-webview",
      "clobbers": [
        "Ionic.WebView"
      ]
    },
    {
      "id": "cordova-plugin-ionic-keyboard.keyboard",
      "file": "plugins/cordova-plugin-ionic-keyboard/www/android/keyboard.js",
      "pluginId": "cordova-plugin-ionic-keyboard",
      "clobbers": [
        "window.Keyboard"
      ]
    },
    {
      "id": "phonegap-plugin-speech-recognition.SpeechRecognition",
      "file": "plugins/phonegap-plugin-speech-recognition/www/SpeechRecognition.js",
      "pluginId": "phonegap-plugin-speech-recognition",
      "clobbers": [
        "SpeechRecognition"
      ]
    },
    {
      "id": "phonegap-plugin-speech-recognition.SpeechRecognitionError",
      "file": "plugins/phonegap-plugin-speech-recognition/www/SpeechRecognitionError.js",
      "pluginId": "phonegap-plugin-speech-recognition",
      "clobbers": [
        "SpeechRecognitionError"
      ]
    },
    {
      "id": "phonegap-plugin-speech-recognition.SpeechRecognitionAlternative",
      "file": "plugins/phonegap-plugin-speech-recognition/www/SpeechRecognitionAlternative.js",
      "pluginId": "phonegap-plugin-speech-recognition",
      "clobbers": [
        "SpeechRecognitionAlternative"
      ]
    },
    {
      "id": "phonegap-plugin-speech-recognition.SpeechRecognitionResult",
      "file": "plugins/phonegap-plugin-speech-recognition/www/SpeechRecognitionResult.js",
      "pluginId": "phonegap-plugin-speech-recognition",
      "clobbers": [
        "SpeechRecognitionResult"
      ]
    },
    {
      "id": "phonegap-plugin-speech-recognition.SpeechRecognitionResultList",
      "file": "plugins/phonegap-plugin-speech-recognition/www/SpeechRecognitionResultList.js",
      "pluginId": "phonegap-plugin-speech-recognition",
      "clobbers": [
        "SpeechRecognitionResultList"
      ]
    },
    {
      "id": "phonegap-plugin-speech-recognition.SpeechRecognitionEvent",
      "file": "plugins/phonegap-plugin-speech-recognition/www/SpeechRecognitionEvent.js",
      "pluginId": "phonegap-plugin-speech-recognition",
      "clobbers": [
        "SpeechRecognitionEvent"
      ]
    },
    {
      "id": "phonegap-plugin-speech-recognition.SpeechGrammar",
      "file": "plugins/phonegap-plugin-speech-recognition/www/SpeechGrammar.js",
      "pluginId": "phonegap-plugin-speech-recognition",
      "clobbers": [
        "SpeechGrammar"
      ]
    },
    {
      "id": "phonegap-plugin-speech-recognition.SpeechGrammarList",
      "file": "plugins/phonegap-plugin-speech-recognition/www/SpeechGrammarList.js",
      "pluginId": "phonegap-plugin-speech-recognition",
      "clobbers": [
        "SpeechGrammarList"
      ]
    },
    {
      "id": "cordova-plugin-speechrecognition.SpeechRecognition",
      "file": "plugins/cordova-plugin-speechrecognition/www/speechRecognition.js",
      "pluginId": "cordova-plugin-speechrecognition",
      "merges": [
        "window.plugins.speechRecognition"
      ]
    },
    {
      "id": "cordova-plugin-x-toast.Toast",
      "file": "plugins/cordova-plugin-x-toast/www/Toast.js",
      "pluginId": "cordova-plugin-x-toast",
      "clobbers": [
        "window.plugins.toast"
      ]
    }
  ],
  "plugin_metadata": {
    "cordova-plugin-whitelist": "1.3.3",
    "cordova-plugin-statusbar": "2.4.2",
    "cordova-plugin-device": "2.0.2",
    "cordova-plugin-splashscreen": "5.0.2",
    "cordova-plugin-ionic-webview": "3.1.2",
    "cordova-plugin-ionic-keyboard": "2.1.3",
    "phonegap-plugin-speech-recognition": "0.3.0",
    "cordova-plugin-speechrecognition": "1.1.2",
    "cordova-plugin-x-toast": "2.7.2"
  }
}